finn_id,title,url,price_cleaned,year_cleaned,mileage_cleaned,battery_capacity_cleaned,effect_cleaned,months_to_eu_cleaned,owners_cleaned,has_condition_issue,first_seen_date
452555274,Nissan Leaf,https://www.finn.no/mobility/item/452555274,54532.0,2016,110682,30.0,109.0,0.43333333333333335,4.0,0,2026-03-02
452055940,Nissan Leaf,https://www.finn.no/mobility/item/452055940,199505.0,2023,48000,39.0,150.0,20.933333333333334,1.0,0,2026-03-02
359362990,Nissan Leaf,https://www.finn.no/mobility/item/359362990,120305.0,2018,107200,40.0,150.0,21.866666666666667,1.0,0,2026-03-02
452974816,Nissan Leaf,https://www.finn.no/mobility/item/452974816,198800.0,2021,50100,62.0,215.0,20.133333333333333,2.0,0,2026-03-02
452967122,Nissan Leaf,https://www.finn.no/mobility/item/452967122,12942.0,2014,125300,40.0,109.0,-1.8666666666666667,3.0,0,2026-03-02
452939776,Nissan Leaf,https://www.finn.no/mobility/item/452939776,209000.0,2023,32300,39.0,149.0,12.0,2.0,0,2026-03-02
452854888,Nissan Leaf,https://www.finn.no/mobility/item/452854888,145000.0,2019,72220,40.0,150.0,12.0,1.0,0,2026-03-02
452790047,Nissan Leaf,https://www.finn.no/mobility/item/452790047,59900.0,2016,73319,24.0,109.0,8.2,2.0,0,2026-03-02
452779673,Nissan Leaf,https://www.finn.no/mobility/item/452779673,139000.0,2019,83300,39.0,149.0,12.0,2.0,0,2026-03-02
452775207,Nissan Leaf,https://www.finn.no/mobility/item/452775207,239900.0,2023,30000,62.0,218.0,12.0,2.0,0,2026-03-02
452774661,Nissan Leaf,https://www.finn.no/mobility/item/452774661,114900.0,2018,71000,40.0,150.0,12.0,2.0,0,2026-03-02
452683165,Nissan Leaf,https://www.finn.no/mobility/item/452683165,189000.0,2021,66900,62.0,215.0,10.466666666666667,1.0,0,2026-03-02
452710441,Nissan Leaf,https://www.finn.no/mobility/item/452710441,119000.0,2019,100500,40.0,150.0,12.0,2.0,0,2026-03-02
452704707,Nissan Leaf,https://www.finn.no/mobility/item/452704707,44932.0,2015,160674,24.0,109.0,12.366666666666667,1.0,0,2026-03-02
452685103,Nissan Leaf,https://www.finn.no/mobility/item/452685103,149000.0,2019,54000,39.0,149.0,12.0,2.0,0,2026-03-02
447207988,Nissan Leaf,https://www.finn.no/mobility/item/447207988,129532.0,2020,106855,40.0,150.0,21.1,1.0,0,2026-03-02
452668612,Nissan Leaf,https://www.finn.no/mobility/item/452668612,133532.0,2020,91000,40.0,150.0,7.966666666666667,1.0,0,2026-03-02
452558587,Nissan Leaf,https://www.finn.no/mobility/item/452558587,178900.0,2019,34100,40.0,150.0,17.166666666666668,2.0,0,2026-03-02
452535383,Nissan Leaf,https://www.finn.no/mobility/item/452535383,98532.0,2018,155293,40.0,150.0,9.066666666666666,3.0,0,2026-03-02
452549867,Nissan Leaf,https://www.finn.no/mobility/item/452549867,69000.0,2016,128195,30.0,109.0,12.0,2.0,0,2026-03-02
452500858,Nissan Leaf,https://www.finn.no/mobility/item/452500858,125000.0,2019,93000,40.0,150.0,12.0,2.0,0,2026-03-02
452500781,Nissan Leaf,https://www.finn.no/mobility/item/452500781,125000.0,2018,75000,40.0,150.0,12.0,2.0,0,2026-03-02
452500876,Nissan Leaf,https://www.finn.no/mobility/item/452500876,185000.0,2021,80000,40.0,218.0,12.0,2.0,0,2026-03-02
452463363,Nissan Leaf,https://www.finn.no/mobility/item/452463363,105000.0,2019,100500,40.0,150.0,12.0,2.0,0,2026-03-02
438114627,Nissan Leaf,https://www.finn.no/mobility/item/438114627,149434.0,2021,55000,40.0,150.0,18.466666666666665,1.0,0,2026-03-02
452349294,Nissan Leaf,https://www.finn.no/mobility/item/452349294,179900.0,2021,17600,40.0,150.0,17.0,2.0,0,2026-03-02
452301149,Nissan Leaf,https://www.finn.no/mobility/item/452301149,144532.0,2022,91451,39.0,150.0,0.8333333333333334,1.0,0,2026-03-02
452229498,Nissan Leaf,https://www.finn.no/mobility/item/452229498,24942.0,2012,187477,40.0,109.0,0.9333333333333333,1.0,0,2026-03-02
446084186,Nissan Leaf,https://www.finn.no/mobility/item/446084186,113434.0,2018,119000,40.0,150.0,20.7,1.0,0,2026-03-02
431822999,Nissan Leaf,https://www.finn.no/mobility/item/431822999,129890.0,2019,95000,40.0,150.0,12.433333333333334,2.0,0,2026-03-02
432551869,Nissan Leaf,https://www.finn.no/mobility/item/432551869,34900.0,2012,107620,24.0,109.0,20.833333333333332,6.0,0,2026-03-02
451945542,Nissan Leaf,https://www.finn.no/mobility/item/451945542,174900.0,2022,50300,39.0,150.0,5.766666666666667,2.0,0,2026-03-02
451920189,Nissan Leaf,https://www.finn.no/mobility/item/451920189,144532.0,2020,22750,40.0,150.0,19.933333333333334,2.0,0,2026-03-02
451617666,Nissan Leaf,https://www.finn.no/mobility/item/451617666,109000.0,2018,104200,39.0,149.0,12.0,2.0,0,2026-03-02
451611149,Nissan Leaf,https://www.finn.no/mobility/item/451611149,219800.0,2024,26900,40.0,150.0,12.0,2.0,0,2026-03-02
451438230,Nissan Leaf,https://www.finn.no/mobility/item/451438230,159532.0,2020,58589,40.0,150.0,24.2,2.0,0,2026-03-02
451418086,Nissan Leaf,https://www.finn.no/mobility/item/451418086,89532.0,2018,156544,40.0,150.0,16.666666666666668,8.0,0,2026-03-02
451342778,Nissan Leaf,https://www.finn.no/mobility/item/451342778,229000.0,2022,26700,62.0,218.0,12.0,2.0,0,2026-03-02
451307221,Nissan Leaf,https://www.finn.no/mobility/item/451307221,179000.0,2021,84961,62.0,218.0,12.0,2.0,0,2026-03-02
442523970,Nissan Leaf,https://www.finn.no/mobility/item/442523970,123434.0,2018,42011,40.0,150.0,23.3,1.0,0,2026-03-02
442718961,Nissan Leaf,https://www.finn.no/mobility/item/442718961,39900.0,2012,125219,24.0,109.0,8.3,7.0,0,2026-03-02
450917952,Nissan Leaf,https://www.finn.no/mobility/item/450917952,189000.0,2022,43900,39.0,149.0,12.0,2.0,0,2026-03-02
450822972,Nissan Leaf,https://www.finn.no/mobility/item/450822972,199532.0,2020,84573,62.0,215.0,7.5,2.0,0,2026-03-02
450789584,Nissan Leaf,https://www.finn.no/mobility/item/450789584,219900.0,2023,19000,40.0,150.0,12.0,2.0,0,2026-03-02
448353301,Nissan Leaf,https://www.finn.no/mobility/item/448353301,133532.0,2018,86500,40.0,150.0,22.9,2.0,0,2026-03-02
452832605,Nissan Leaf,https://www.finn.no/mobility/item/452832605,29432.0,2016,182000,40.0,109.0,12.0,2.0,0,2026-03-02
452510185,Nissan Leaf,https://www.finn.no/mobility/item/452510185,99532.0,2018,95817,40.0,150.0,12.0,2.0,0,2026-03-02
452422651,Nissan Leaf,https://www.finn.no/mobility/item/452422651,109432.0,2020,164000,40.0,215.0,12.0,2.0,0,2026-03-02
452421604,Nissan Leaf,https://www.finn.no/mobility/item/452421604,89432.0,2018,173000,40.0,150.0,12.0,2.0,0,2026-03-02
452694919,Nissan Leaf,https://www.finn.no/mobility/item/452694919,79532.0,2017,86000,30.0,109.0,13.9,3.0,0,2026-03-02
450382567,Nissan Leaf,https://www.finn.no/mobility/item/450382567,210000.0,2023,70393,59.0,218.0,21.966666666666665,1.0,0,2026-03-02
453299471,Nissan Leaf,https://www.finn.no/mobility/item/453299471,133532.0,2018,80523,40.0,150.0,24.2,2.0,0,2026-03-02
453270701,Nissan Leaf,https://www.finn.no/mobility/item/453270701,79000.0,2017,79500,30.0,109.0,14.1,1.0,0,2026-03-02
308692366,Nissan Leaf,https://www.finn.no/mobility/item/308692366,138000.0,2019,45265,40.0,150.0,18.033333333333335,2.0,0,2026-03-02
453090718,Nissan Leaf,https://www.finn.no/mobility/item/453090718,124532.0,2018,77145,40.0,150.0,23.666666666666668,1.0,0,2026-03-02
450996044,Nissan Leaf,https://www.finn.no/mobility/item/450996044,69000.0,2016,96400,30.0,109.0,21.266666666666666,2.0,0,2026-03-02
451046761,Nissan Leaf,https://www.finn.no/mobility/item/451046761,99532.0,2018,86000,40.0,150.0,7.033333333333333,1.0,0,2026-03-02
442895361,Nissan Leaf,https://www.finn.no/mobility/item/442895361,189900.0,2020,61058,62.0,215.0,9.533333333333333,2.0,0,2026-03-02
453028925,Nissan Leaf,https://www.finn.no/mobility/item/453028925,129532.0,2020,65200,40.0,150.0,12.4,3.0,0,2026-03-02
453003833,Nissan Leaf,https://www.finn.no/mobility/item/453003833,69900.0,2018,195700,40.0,150.0,12.0,2.0,0,2026-03-02
452978243,Nissan Leaf,https://www.finn.no/mobility/item/452978243,72532.0,2017,88500,40.0,109.0,12.0,2.0,0,2026-03-02
452900621,Nissan Leaf,https://www.finn.no/mobility/item/452900621,84532.0,2018,236100,40.0,150.0,7.233333333333333,1.0,0,2026-03-02
452709391,Nissan Leaf,https://www.finn.no/mobility/item/452709391,69000.0,2016,112000,30.0,109.0,21.0,2.0,0,2026-03-02
452694845,Nissan Leaf,https://www.finn.no/mobility/item/452694845,169800.0,2022,37066,40.0,150.0,9.3,2.0,0,2026-03-02
451432023,Nissan Leaf,https://www.finn.no/mobility/item/451432023,84432.0,2017,54300,30.0,109.0,11.133333333333333,2.0,0,2026-03-02
452602505,Nissan Leaf,https://www.finn.no/mobility/item/452602505,19942.0,2012,127300,40.0,109.0,12.0,2.0,0,2026-03-02
452491288,Nissan Leaf,https://www.finn.no/mobility/item/452491288,139982.0,2019,44817,40.0,150.0,19.2,1.0,0,2026-03-02
452442144,Nissan Leaf,https://www.finn.no/mobility/item/452442144,128800.0,2020,132200,40.0,150.0,12.0,1.0,0,2026-03-02
452378889,Nissan Leaf,https://www.finn.no/mobility/item/452378889,189000.0,2022,28500,40.0,150.0,12.0,1.0,0,2026-03-02
452369425,Nissan Leaf,https://www.finn.no/mobility/item/452369425,229900.0,2021,25943,62.0,215.0,12.0,2.0,0,2026-03-02
445913769,Nissan Leaf,https://www.finn.no/mobility/item/445913769,227900.0,2022,35929,59.0,218.0,10.033333333333333,2.0,0,2026-03-02
378301609,Nissan Leaf,https://www.finn.no/mobility/item/378301609,230129.0,2021,65843,62.0,215.0,15.9,6.0,0,2026-03-02
452253479,Nissan Leaf,https://www.finn.no/mobility/item/452253479,64499.0,2016,89300,40.0,109.0,2.6666666666666665,2.0,0,2026-03-02
452235757,Nissan Leaf,https://www.finn.no/mobility/item/452235757,49000.0,2015,99852,24.0,109.0,16.166666666666668,3.0,0,2026-03-02
452054395,Nissan Leaf,https://www.finn.no/mobility/item/452054395,130000.0,2019,100800,40.0,150.0,12.533333333333333,2.0,0,2026-03-02
451953016,Nissan Leaf,https://www.finn.no/mobility/item/451953016,189000.0,2022,50909,39.0,150.0,0.7333333333333333,2.0,0,2026-03-02
451861015,Nissan Leaf,https://www.finn.no/mobility/item/451861015,38000.0,2013,83000,24.0,109.0,8.3,14.0,0,2026-03-02
451807368,Nissan Leaf,https://www.finn.no/mobility/item/451807368,164500.0,2022,17350,39.0,150.0,8.333333333333334,2.0,0,2026-03-02
451774836,Nissan Leaf,https://www.finn.no/mobility/item/451774836,155000.0,2020,77100,39.0,149.0,12.0,2.0,0,2026-03-02
451717766,Nissan Leaf,https://www.finn.no/mobility/item/451717766,119532.0,2018,104580,40.0,150.0,8.066666666666666,3.0,0,2026-03-02
451633192,Nissan Leaf,https://www.finn.no/mobility/item/451633192,89000.0,2018,145000,40.0,150.0,12.0,2.0,0,2026-03-02
451615478,Nissan Leaf,https://www.finn.no/mobility/item/451615478,219000.0,2024,37000,39.0,150.0,12.0,2.0,0,2026-03-02
449332859,Nissan Leaf,https://www.finn.no/mobility/item/449332859,30442.0,2012,99613,40.0,109.0,16.0,3.0,0,2026-03-02
451605722,Nissan Leaf,https://www.finn.no/mobility/item/451605722,239532.0,2022,39250,62.0,215.0,7.9,1.0,0,2026-03-02
451528522,Nissan Leaf,https://www.finn.no/mobility/item/451528522,16942.0,2012,134000,40.0,109.0,1.2,4.0,0,2026-03-02
451546128,Nissan Leaf,https://www.finn.no/mobility/item/451546128,84532.0,2018,153500,40.0,150.0,7.033333333333333,3.0,0,2026-03-02
451505032,Nissan Leaf,https://www.finn.no/mobility/item/451505032,179000.0,2022,10000,39.0,150.0,10.033333333333333,2.0,0,2026-03-02
451376591,Nissan Leaf,https://www.finn.no/mobility/item/451376591,19942.0,2013,110066,40.0,109.0,-0.4666666666666667,3.0,0,2026-03-02
451333967,Nissan Leaf,https://www.finn.no/mobility/item/451333967,119000.0,2018,116945,40.0,150.0,17.9,2.0,0,2026-03-02
450878359,Nissan Leaf,https://www.finn.no/mobility/item/450878359,139500.0,2022,58000,40.0,150.0,12.0,2.0,0,2026-03-02
450818043,Nissan Leaf,https://www.finn.no/mobility/item/450818043,124532.0,2019,140000,40.0,150.0,12.9,1.0,0,2026-03-02
450755482,Nissan Leaf,https://www.finn.no/mobility/item/450755482,134532.0,2020,153948,62.0,150.0,8.933333333333334,2.0,0,2026-03-02
450680179,Nissan Leaf,https://www.finn.no/mobility/item/450680179,149000.0,2021,95045,40.0,150.0,12.0,2.0,0,2026-03-02
438586342,Nissan Leaf,https://www.finn.no/mobility/item/438586342,169434.0,2021,27500,40.0,150.0,21.7,1.0,0,2026-03-02
450448978,Nissan Leaf,https://www.finn.no/mobility/item/450448978,179000.0,2022,16000,39.0,150.0,10.033333333333333,2.0,0,2026-03-02
450427542,Nissan Leaf,https://www.finn.no/mobility/item/450427542,239000.0,2023,25765,59.0,218.0,13.766666666666667,2.0,0,2026-03-02
447924621,Nissan Leaf,https://www.finn.no/mobility/item/447924621,30242.0,2013,113015,24.0,109.0,11.133333333333333,1.0,0,2026-03-02
446552805,Nissan Leaf,https://www.finn.no/mobility/item/446552805,28942.0,2012,86000,40.0,109.0,17.866666666666667,8.0,0,2026-03-02
450411430,Nissan Leaf,https://www.finn.no/mobility/item/450411430,269000.0,2024,20818,59.0,218.0,23.833333333333332,2.0,0,2026-03-02
450275517,Nissan Leaf,https://www.finn.no/mobility/item/450275517,172900.0,2022,19889,39.0,150.0,9.266666666666667,2.0,0,2026-03-02
450141287,Nissan Leaf,https://www.finn.no/mobility/item/450141287,189900.0,2022,97500,62.0,218.0,12.0,1.0,0,2026-03-02
450069228,Nissan Leaf,https://www.finn.no/mobility/item/450069228,184532.0,2022,22000,39.0,150.0,8.4,1.0,0,2026-03-02
444717268,Nissan Leaf,https://www.finn.no/mobility/item/444717268,134532.0,2021,158000,62.0,218.0,20.0,2.0,0,2026-03-02
375660307,Nissan Leaf,https://www.finn.no/mobility/item/375660307,90305.0,2018,162000,40.0,150.0,0.8333333333333334,2.0,0,2026-03-02
449518725,Nissan Leaf,https://www.finn.no/mobility/item/449518725,238000.0,2024,19000,40.0,150.0,12.0,1.0,0,2026-03-02
449344088,Nissan Leaf,https://www.finn.no/mobility/item/449344088,218900.0,2024,20269,39.0,150.0,25.166666666666668,2.0,0,2026-03-02
444288427,Nissan Leaf,https://www.finn.no/mobility/item/444288427,199900.0,2022,51000,62.0,215.0,3.5,2.0,0,2026-03-02
449156626,Nissan Leaf,https://www.finn.no/mobility/item/449156626,39982.0,2015,137885,24.0,109.0,8.966666666666667,3.0,0,2026-03-02
448810598,Nissan Leaf,https://www.finn.no/mobility/item/448810598,145000.0,2018,42500,40.0,150.0,2.8333333333333335,2.0,0,2026-03-02
448950023,Nissan Leaf,https://www.finn.no/mobility/item/448950023,169532.0,2020,53714,62.0,215.0,6.733333333333333,1.0,0,2026-03-02
448710392,Nissan Leaf,https://www.finn.no/mobility/item/448710392,95000.0,2018,110000,40.0,150.0,3.966666666666667,2.0,0,2026-03-02
448810420,Nissan Leaf,https://www.finn.no/mobility/item/448810420,198900.0,2022,33871,39.0,150.0,10.066666666666666,2.0,0,2026-03-02
435277285,Nissan Leaf,https://www.finn.no/mobility/item/435277285,175000.0,2019,79274,62.0,215.0,17.166666666666668,2.0,0,2026-03-02
448370837,Nissan Leaf,https://www.finn.no/mobility/item/448370837,159000.0,2020,29000,40.0,150.0,12.0,1.0,0,2026-03-02
448261467,Nissan Leaf,https://www.finn.no/mobility/item/448261467,128900.0,2018,77000,40.0,150.0,12.0,2.0,0,2026-03-02
448213637,Nissan Leaf,https://www.finn.no/mobility/item/448213637,228900.0,2024,17869,39.0,150.0,28.433333333333334,2.0,0,2026-03-02
448115893,Nissan Leaf,https://www.finn.no/mobility/item/448115893,94990.0,2018,151000,40.0,150.0,12.0,1.0,0,2026-03-02
447754681,Nissan Leaf,https://www.finn.no/mobility/item/447754681,79532.0,2018,203669,40.0,150.0,19.4,1.0,0,2026-03-02
447680388,Nissan Leaf,https://www.finn.no/mobility/item/447680388,38942.0,2014,173000,24.0,109.0,12.0,2.0,0,2026-03-02
447348827,Nissan Leaf,https://www.finn.no/mobility/item/447348827,214900.0,2022,43508,62.0,217.0,12.0,2.0,0,2026-03-02
436036800,Nissan Leaf,https://www.finn.no/mobility/item/436036800,179000.0,2021,43000,62.0,215.0,12.6,4.0,0,2026-03-02
447134279,Nissan Leaf,https://www.finn.no/mobility/item/447134279,139532.0,2022,50500,40.0,150.0,22.2,2.0,0,2026-03-02
447109187,Nissan Leaf,https://www.finn.no/mobility/item/447109187,178000.0,2021,80000,62.0,218.0,12.0,2.0,0,2026-03-02
445444718,Nissan Leaf,https://www.finn.no/mobility/item/445444718,28942.0,2013,89206,24.0,109.0,16.433333333333334,7.0,0,2026-03-02
446183506,Nissan Leaf,https://www.finn.no/mobility/item/446183506,25000.0,2013,77700,40.0,109.0,6.8,2.0,0,2026-03-02
445249859,Nissan Leaf,https://www.finn.no/mobility/item/445249859,209000.0,2022,40368,39.0,150.0,9.366666666666667,2.0,0,2026-03-02
445214337,Nissan Leaf,https://www.finn.no/mobility/item/445214337,209000.0,2022,43997,39.0,150.0,9.266666666666667,2.0,0,2026-03-02
445131951,Nissan Leaf,https://www.finn.no/mobility/item/445131951,39500.0,2014,90455,40.0,109.0,12.0,2.0,0,2026-03-02
444946803,Nissan Leaf,https://www.finn.no/mobility/item/444946803,165900.0,2019,95070,40.0,218.0,12.0,2.0,0,2026-03-02
443671911,Nissan Leaf,https://www.finn.no/mobility/item/443671911,173800.0,2022,25386,39.0,150.0,9.266666666666667,2.0,0,2026-03-02
441264291,Nissan Leaf,https://www.finn.no/mobility/item/441264291,63900.0,2013,37000,24.0,109.0,15.766666666666667,1.0,0,2026-03-02
442231120,Nissan Leaf,https://www.finn.no/mobility/item/442231120,139000.0,2020,105279,40.0,150.0,12.0,1.0,0,2026-03-02
441973198,Nissan Leaf,https://www.finn.no/mobility/item/441973198,159000.0,2020,59500,40.0,150.0,12.0,2.0,0,2026-03-02
441717379,Nissan Leaf,https://www.finn.no/mobility/item/441717379,119900.0,2018,69000,40.0,150.0,12.0,1.0,0,2026-03-02
440377288,Nissan Leaf,https://www.finn.no/mobility/item/440377288,37000.0,2014,223000,40.0,109.0,12.0,2.0,0,2026-03-02
437981303,Nissan Leaf,https://www.finn.no/mobility/item/437981303,199900.0,2022,60000,59.0,217.0,12.0,2.0,0,2026-03-02
433308570,Nissan Leaf,https://www.finn.no/mobility/item/433308570,139990.0,2019,54800.0,40.0,150.0,12.0,2.0,0,2026-03-02
424551740,Nissan Leaf,https://www.finn.no/mobility/item/424551740,49000.0,2014,104000.0,40.0,109.0,12.0,2.0,0,2026-03-02
453445416,Nissan Leaf,https://www.finn.no/mobility/item/453445416,209000.0,2023,25000.0,39.0,150.0,20.2,2.0,0,2026-03-02
453110097,Nissan Leaf,https://www.finn.no/mobility/item/453110097,124532.0,2019,93600.0,40.0,150.0,15.7,2.0,0,2026-03-02
452692153,Nissan Leaf,https://www.finn.no/mobility/item/452692153,34532.0,2015,191600.0,24.0,109.0,16.666666666666668,1.0,0,2026-03-02
453414947,Nissan Leaf,https://www.finn.no/mobility/item/453414947,119000.0,2018,87000.0,40.0,150.0,12.0,2.0,0,2026-03-02
453403294,Nissan Leaf,https://www.finn.no/mobility/item/453403294,129900.0,2018,76000.0,40.0,150.0,23.3,2.0,0,2026-03-02
453358218,Nissan Leaf,https://www.finn.no/mobility/item/453358218,50942.0,2013,101600.0,40.0,109.0,14.1,2.0,0,2026-03-02
453311824,Nissan Leaf,https://www.finn.no/mobility/item/453311824,21942.0,2013,187402.0,40.0,109.0,12.066666666666666,1.0,0,2026-03-02
453232543,Nissan Leaf,https://www.finn.no/mobility/item/453232543,38995.0,2014,108000.0,40.0,109.0,12.266666666666667,5.0,0,2026-03-02
452987687,Nissan Leaf,https://www.finn.no/mobility/item/452987687,21942.0,2013,154475.0,40.0,109.0,12.0,2.0,0,2026-03-02
452943374,Nissan Leaf,https://www.finn.no/mobility/item/452943374,61532.0,2015,97000.0,24.0,109.0,24.166666666666668,2.0,0,2026-03-02
452869681,Nissan Leaf,https://www.finn.no/mobility/item/452869681,59000.0,2017,130000.0,40.0,109.0,12.0,2.0,0,2026-03-02
452803254,Nissan Leaf,https://www.finn.no/mobility/item/452803254,149000.0,2019,57000.0,40.0,150.0,12.0,2.0,0,2026-03-02
394784681,Nissan Leaf,https://www.finn.no/mobility/item/394784681,59000.0,2013,120000.0,40.0,33.0,12.0,2.0,0,2026-03-02
452750335,Nissan Leaf,https://www.finn.no/mobility/item/452750335,18942.0,2014,101000.0,24.0,109.0,-0.16666666666666666,3.0,0,2026-03-02
452749952,Nissan Leaf,https://www.finn.no/mobility/item/452749952,43000.0,2018,185000.0,40.0,150.0,0.9333333333333333,1.0,0,2026-03-02
452696171,Nissan Leaf,https://www.finn.no/mobility/item/452696171,69800.0,2017,103200.0,30.0,109.0,12.0,2.0,0,2026-03-02
452577174,Nissan Leaf,https://www.finn.no/mobility/item/452577174,94999.0,2018,112800.0,40.0,150.0,6.333333333333333,2.0,0,2026-03-02
452599322,Nissan Leaf,https://www.finn.no/mobility/item/452599322,129900.0,2019,91940.0,40.0,150.0,12.0,1.0,0,2026-03-02
452575568,Nissan Leaf,https://www.finn.no/mobility/item/452575568,159000.0,2020,47500.0,40.0,150.0,0.0,2.0,0,2026-03-02
452503389,Nissan Leaf,https://www.finn.no/mobility/item/452503389,147000.0,2021,63500.0,40.0,150.0,12.0,2.0,0,2026-03-02
452441357,Nissan Leaf,https://www.finn.no/mobility/item/452441357,59532.0,2015,75000.0,40.0,109.0,23.2,2.0,0,2026-03-02
452413666,Nissan Leaf,https://www.finn.no/mobility/item/452413666,119000.0,2018,99600.0,40.0,150.0,12.0,1.0,0,2026-03-02
415626748,Nissan Leaf,https://www.finn.no/mobility/item/415626748,134434.0,2020,102000.0,40.0,150.0,3.1,1.0,0,2026-03-02
452383261,Nissan Leaf,https://www.finn.no/mobility/item/452383261,79990.0,2019,184000.0,40.0,150.0,12.0,1.0,0,2026-03-02
452257524,Nissan Leaf,https://www.finn.no/mobility/item/452257524,69900.0,2015,61361.0,24.0,109.0,10.0,2.0,0,2026-03-02
452204780,Nissan Leaf,https://www.finn.no/mobility/item/452204780,26942.0,2012,116252.0,24.0,109.0,21.633333333333333,2.0,0,2026-03-02
452087536,Nissan Leaf,https://www.finn.no/mobility/item/452087536,59532.0,2017,175000.0,30.0,109.0,19.2,1.0,0,2026-03-02
452086099,Nissan Leaf,https://www.finn.no/mobility/item/452086099,209000.0,2021,46800.0,40.0,218.0,12.0,2.0,0,2026-03-02
452079606,Nissan Leaf,https://www.finn.no/mobility/item/452079606,35000.0,2014,164000.0,40.0,33.0,12.0,2.0,0,2026-03-02
452046194,Nissan Leaf,https://www.finn.no/mobility/item/452046194,49000.0,2013,59000.0,24.0,109.0,12.0,2.0,0,2026-03-02
452021209,Nissan Leaf,https://www.finn.no/mobility/item/452021209,115900.0,2018,132000.0,40.0,150.0,12.0,2.0,0,2026-03-02
447114835,Nissan Leaf,https://www.finn.no/mobility/item/447114835,38442.0,2013,92000.0,24.0,109.0,8.966666666666667,5.0,0,2026-03-02
441485000,Nissan Leaf,https://www.finn.no/mobility/item/441485000,59000.0,2012,42500.0,24.0,109.0,16.266666666666666,1.0,0,2026-03-02
449801341,Nissan Leaf,https://www.finn.no/mobility/item/449801341,22942.0,2013,98000.0,40.0,109.0,12.966666666666667,4.0,0,2026-03-02
451951259,Nissan Leaf,https://www.finn.no/mobility/item/451951259,129900.0,2019,117000.0,40.0,150.0,12.0,2.0,0,2026-03-02
451951026,Nissan Leaf,https://www.finn.no/mobility/item/451951026,139900.0,2020,93800.0,40.0,150.0,12.0,1.0,0,2026-03-02
451919768,Nissan Leaf,https://www.finn.no/mobility/item/451919768,109000.0,2018,91900.0,40.0,150.0,12.0,2.0,0,2026-03-02
451870560,Nissan Leaf,https://www.finn.no/mobility/item/451870560,199000.0,2023,43800.0,40.0,150.0,12.0,2.0,0,2026-03-02
450965957,Nissan Leaf,https://www.finn.no/mobility/item/450965957,133532.0,2018,79000.0,40.0,150.0,6.033333333333333,2.0,0,2026-03-02
451816585,Nissan Leaf,https://www.finn.no/mobility/item/451816585,69000.0,2015,78700.0,24.0,109.0,12.0,2.0,0,2026-03-02
451760106,Nissan Leaf,https://www.finn.no/mobility/item/451760106,119000.0,2018,111600.0,40.0,150.0,12.0,1.0,0,2026-03-02
451718813,Nissan Leaf,https://www.finn.no/mobility/item/451718813,69900.0,2016,106880.0,30.0,109.0,12.0,2.0,0,2026-03-02
451550613,Nissan Leaf,https://www.finn.no/mobility/item/451550613,159800.0,2020,29300.0,40.0,150.0,12.0,2.0,0,2026-03-02
451332988,Nissan Leaf,https://www.finn.no/mobility/item/451332988,119000.0,2019,115400.0,40.0,150.0,12.0,2.0,0,2026-03-02
451247803,Nissan Leaf,https://www.finn.no/mobility/item/451247803,59000.0,2015,79500.0,24.0,150.0,12.0,2.0,0,2026-03-02
451234166,Nissan Leaf,https://www.finn.no/mobility/item/451234166,125000.0,2019,91000.0,40.0,150.0,23.466666666666665,2.0,0,2026-03-02
451169693,Nissan Leaf,https://www.finn.no/mobility/item/451169693,148432.0,2018,61778.0,40.0,150.0,7.9,2.0,0,2026-03-02
450702372,Nissan Leaf,https://www.finn.no/mobility/item/450702372,62532.0,2017,99000.0,24.0,109.0,14.1,3.0,0,2026-03-02
450618042,Nissan Leaf,https://www.finn.no/mobility/item/450618042,39900.0,2014,78000.0,40.0,109.0,12.0,2.0,0,2026-03-02
450601264,Nissan Leaf,https://www.finn.no/mobility/item/450601264,145000.0,2018,51547.0,40.0,150.0,12.0,2.0,0,2026-03-02
450559507,Nissan Leaf,https://www.finn.no/mobility/item/450559507,119532.0,2018,125202.0,110.0,150.0,23.433333333333334,2.0,0,2026-03-02
450570852,Nissan Leaf,https://www.finn.no/mobility/item/450570852,109000.0,2018,124500.0,40.0,150.0,12.0,2.0,0,2026-03-02
450446998,Nissan Leaf,https://www.finn.no/mobility/item/450446998,119900.0,2018,136385.0,40.0,150.0,12.0,1.0,0,2026-03-02
450424607,Nissan Leaf,https://www.finn.no/mobility/item/450424607,139800.0,2018,43000.0,40.0,150.0,12.0,2.0,0,2026-03-02
450314537,Nissan Leaf,https://www.finn.no/mobility/item/450314537,125000.0,2018,93000.0,40.0,150.0,12.0,2.0,0,2026-03-02
450303489,Nissan Leaf,https://www.finn.no/mobility/item/450303489,219000.0,2022,27000.0,40.0,150.0,12.0,2.0,0,2026-03-02
450299328,Nissan Leaf,https://www.finn.no/mobility/item/450299328,98000.0,2016,78000.0,24.0,109.0,22.966666666666665,2.0,0,2026-03-02
450293583,Nissan Leaf,https://www.finn.no/mobility/item/450293583,169000.0,2020,43000.0,40.0,150.0,12.0,2.0,0,2026-03-02
447059647,Nissan Leaf,https://www.finn.no/mobility/item/447059647,19942.0,2012,158000.0,24.0,109.0,7.0,2.0,0,2026-03-02
449977915,Nissan Leaf,https://www.finn.no/mobility/item/449977915,44532.0,2015,194500.0,24.0,109.0,21.233333333333334,1.0,0,2026-03-02
449832214,Nissan Leaf,https://www.finn.no/mobility/item/449832214,149900.0,2021,141673.0,59.0,217.0,12.0,2.0,0,2026-03-02
449337766,Nissan Leaf,https://www.finn.no/mobility/item/449337766,25000.0,2012,87500.0,24.0,109.0,-1.4333333333333333,2.0,0,2026-03-02
447827971,Nissan Leaf,https://www.finn.no/mobility/item/447827971,53732.0,2015,80000.0,24.0,109.0,11.266666666666667,2.0,0,2026-03-02
378945558,Nissan Leaf,https://www.finn.no/mobility/item/378945558,135305.0,2019,88000.0,40.0,150.0,12.0,2.0,0,2026-03-02
448705431,Nissan Leaf,https://www.finn.no/mobility/item/448705431,129900.0,2019,70225.0,40.0,150.0,12.0,2.0,0,2026-03-02
448696931,Nissan Leaf,https://www.finn.no/mobility/item/448696931,25000.0,2011,116000.0,24.0,109.0,12.0,2.0,0,2026-03-02
448640596,Nissan Leaf,https://www.finn.no/mobility/item/448640596,69000.0,2015,62000.0,40.0,33.0,12.0,2.0,0,2026-03-02
448188814,Nissan Leaf,https://www.finn.no/mobility/item/448188814,189000.0,2021,95000.0,62.0,217.0,12.0,2.0,0,2026-03-02
447392639,Nissan Leaf,https://www.finn.no/mobility/item/447392639,189000.0,2022,30000.0,40.0,150.0,12.0,2.0,0,2026-03-02
447199438,Nissan Leaf,https://www.finn.no/mobility/item/447199438,229000.0,2023,32400.0,40.0,150.0,12.0,1.0,0,2026-03-02
446722351,Nissan Leaf,https://www.finn.no/mobility/item/446722351,16942.0,2012,127000.0,40.0,109.0,2.966666666666667,2.0,0,2026-03-02
446405306,Nissan Leaf,https://www.finn.no/mobility/item/446405306,229000.0,2023,12000.0,40.0,150.0,12.0,1.0,0,2026-03-02
446114158,Nissan Leaf,https://www.finn.no/mobility/item/446114158,109000.0,2019,141500.0,40.0,150.0,12.0,2.0,0,2026-03-02
446099261,Nissan Leaf,https://www.finn.no/mobility/item/446099261,159000.0,2022,99600.0,40.0,150.0,12.0,1.0,0,2026-03-02
445800124,Nissan Leaf,https://www.finn.no/mobility/item/445800124,149000.0,2018,69740.0,40.0,150.0,12.0,1.0,0,2026-03-02
445335868,Nissan Leaf,https://www.finn.no/mobility/item/445335868,89000.0,2018,143000.0,40.0,150.0,12.0,2.0,0,2026-03-02
444871462,Nissan Leaf,https://www.finn.no/mobility/item/444871462,55000.0,2015,93700.0,24.0,33.0,12.0,2.0,0,2026-03-02
444838818,Nissan Leaf,https://www.finn.no/mobility/item/444838818,129000.0,2019,149000.0,40.0,150.0,12.0,2.0,0,2026-03-02
444776659,Nissan Leaf,https://www.finn.no/mobility/item/444776659,179000.0,2019,101300.0,62.0,218.0,12.0,2.0,0,2026-03-02
444776577,Nissan Leaf,https://www.finn.no/mobility/item/444776577,189000.0,2021,49907.0,40.0,150.0,12.0,2.0,0,2026-03-02
444774061,Nissan Leaf,https://www.finn.no/mobility/item/444774061,179000.0,2020,41800.0,40.0,150.0,12.0,1.0,0,2026-03-02
444768160,Nissan Leaf,https://www.finn.no/mobility/item/444768160,65000.0,2015,79600.0,40.0,109.0,12.0,2.0,0,2026-03-02
442967514,Nissan Leaf,https://www.finn.no/mobility/item/442967514,229000.0,2023,35000.0,40.0,150.0,12.0,2.0,0,2026-03-02
441335378,Nissan Leaf,https://www.finn.no/mobility/item/441335378,169000.0,2021,51504.0,40.0,150.0,12.0,2.0,0,2026-03-02
441193877,Nissan Leaf,https://www.finn.no/mobility/item/441193877,149000.0,2020,52787.0,40.0,150.0,12.0,1.0,0,2026-03-02
440209748,Nissan Leaf,https://www.finn.no/mobility/item/440209748,35000.0,2017,86097.0,52.0,109.0,12.0,2.0,0,2026-03-02
439919966,Nissan Leaf,https://www.finn.no/mobility/item/439919966,89000.0,2017,90000.0,40.0,41.0,12.0,2.0,0,2026-03-02
433262112,Nissan Leaf,https://www.finn.no/mobility/item/433262112,129000.0,2018,145000.0,40.0,150.0,12.0,2.0,0,2026-03-02
447367524,Nissan Leaf,https://www.finn.no/mobility/item/447367524,199900.0,2021,58500.0,62.0,218.0,12.0,2.0,0,2026-03-02
450878906,Nissan Leaf,https://www.finn.no/mobility/item/450878906,136900.0,2020,100854.0,40.0,150.0,12.0,2.0,0,2026-03-02
450756656,Nissan Leaf,https://www.finn.no/mobility/item/450756656,179990.0,2021,72000.0,62.0,218.0,12.0,2.0,0,2026-03-02
450764587,Nissan Leaf,https://www.finn.no/mobility/item/450764587,139900.0,2019,125600.0,62.0,218.0,12.0,2.0,0,2026-03-02
453491655,Nissan Leaf,https://www.finn.no/mobility/item/453491655,123532.0,2019,95000.0,40.0,150.0,12.0,2.0,0,2026-03-02
453456722,Nissan Leaf,https://www.finn.no/mobility/item/453456722,41942.0,2014,82000.0,40.0,109.0,12.0,2.0,0,2026-03-02
450283464,Nissan Leaf,https://www.finn.no/mobility/item/450283464,65000.0,2016,110360.0,40.0,109.0,12.0,2.0,0,2026-03-02
447361315,Nissan Leaf,https://www.finn.no/mobility/item/447361315,169900.0,2020,81812.0,62.0,218.0,12.0,1.0,0,2026-03-02
450646867,Nissan Leaf,https://www.finn.no/mobility/item/450646867,199000.0,2021,79000.0,62.0,218.0,12.0,2.0,0,2026-03-02
441567140,Nissan Leaf,https://www.finn.no/mobility/item/441567140,179000.0,2021,106100.0,40.0,218.0,12.0,2.0,0,2026-03-02
450256116,Nissan Leaf,https://www.finn.no/mobility/item/450256116,199900.0,2020,40000.0,40.0,218.0,12.0,2.0,0,2026-03-02
453359248,Nissan Leaf,https://www.finn.no/mobility/item/453359248,123532.0,2019,103974.0,40.0,150.0,11.6,2.0,0,2026-03-02
447297338,Nissan Leaf,https://www.finn.no/mobility/item/447297338,129000.0,2020,125000.0,40.0,150.0,12.0,1.0,0,2026-03-02
441182979,Nissan Leaf,https://www.finn.no/mobility/item/441182979,135900.0,2019,72000.0,40.0,150.0,12.0,2.0,0,2026-03-02
441171216,Nissan Leaf,https://www.finn.no/mobility/item/441171216,52000.0,2016,84895.0,24.0,109.0,8.033333333333333,2.0,0,2026-03-02
453434634,Nissan Leaf,https://www.finn.no/mobility/item/453434634,34532.0,2015,176000.0,40.0,109.0,12.0,2.0,0,2026-03-02
449810986,Nissan Leaf,https://www.finn.no/mobility/item/449810986,65000.0,2017,81000.0,40.0,109.0,12.0,1.0,0,2026-03-02
450042979,Nissan Leaf,https://www.finn.no/mobility/item/450042979,38000.0,2012,134000.0,40.0,109.0,23.366666666666667,2.0,0,2026-03-02
453382487,Nissan Leaf,https://www.finn.no/mobility/item/453382487,219000.0,2023,69900.0,59.0,218.0,10.066666666666666,2.0,0,2026-03-02
440394157,Nissan Leaf,https://www.finn.no/mobility/item/440394157,62000.0,2016,114861.0,30.0,109.0,9.066666666666666,6.0,0,2026-03-02
447232432,Nissan Leaf,https://www.finn.no/mobility/item/447232432,168000.0,2018,17000.0,40.0,150.0,12.0,2.0,0,2026-03-02
437703882,Nissan Leaf,https://www.finn.no/mobility/item/437703882,120000.0,2018,99000.0,40.0,150.0,18.233333333333334,2.0,0,2026-03-02
452977838,Nissan Leaf,https://www.finn.no/mobility/item/452977838,84032.0,2017,90000.0,30.0,109.0,12.266666666666667,2.0,0,2026-03-02
447080303,Nissan Leaf,https://www.finn.no/mobility/item/447080303,25000.0,2015,198000.0,24.0,109.0,10.7,2.0,0,2026-03-02
447061053,Nissan Leaf,https://www.finn.no/mobility/item/447061053,64900.0,2015,137698.0,40.0,150.0,12.0,2.0,0,2026-03-02
446813539,Nissan Leaf,https://www.finn.no/mobility/item/446813539,139900.0,2018,56500.0,40.0,150.0,25.3,2.0,0,2026-03-02
439520752,Nissan Leaf,https://www.finn.no/mobility/item/439520752,39900.0,2012,102000.0,40.0,109.0,12.0,2.0,0,2026-03-02
350481760,Nissan Leaf,https://www.finn.no/mobility/item/350481760,232129.0,2023,45800.0,62.0,150.0,12.0,1.0,0,2026-03-02
439021077,Nissan Leaf,https://www.finn.no/mobility/item/439021077,129900.0,2019,65000.0,40.0,150.0,12.0,2.0,0,2026-03-02
449498743,Nissan Leaf,https://www.finn.no/mobility/item/449498743,149900.0,2020,82000.0,40.0,150.0,12.0,2.0,0,2026-03-02
438823280,Nissan Leaf,https://www.finn.no/mobility/item/438823280,199900.0,2022,43900.0,40.0,150.0,12.0,2.0,0,2026-03-02
446858444,Nissan Leaf,https://www.finn.no/mobility/item/446858444,39900.0,2016,151000.0,30.0,109.0,23.9,2.0,0,2026-03-02
452957750,Nissan Leaf,https://www.finn.no/mobility/item/452957750,195000.0,2022,20600.0,40.0,150.0,12.0,2.0,0,2026-03-02
438259885,Nissan Leaf,https://www.finn.no/mobility/item/438259885,44000.0,2015,137500.0,40.0,109.0,12.0,2.0,0,2026-03-02
437073826,Nissan Leaf,https://www.finn.no/mobility/item/437073826,54000.0,2013,163800.0,40.0,109.0,12.0,2.0,0,2026-03-02
449483776,Nissan Leaf,https://www.finn.no/mobility/item/449483776,58000.0,2014,113000.0,40.0,109.0,12.0,2.0,0,2026-03-02
446607563,Nissan Leaf,https://www.finn.no/mobility/item/446607563,99900.0,2018,128300.0,40.0,150.0,0.9333333333333333,2.0,0,2026-03-02
452945179,Nissan Leaf,https://www.finn.no/mobility/item/452945179,129000.0,2019,91150.0,40.0,122.0,12.0,2.0,0,2026-03-02
449481302,Nissan Leaf,https://www.finn.no/mobility/item/449481302,29942.0,2013,134000.0,40.0,109.0,15.133333333333333,1.0,0,2026-03-02
452810723,Nissan Leaf,https://www.finn.no/mobility/item/452810723,159000.0,2022,58500.0,40.0,150.0,12.0,2.0,0,2026-03-02
446254474,Nissan Leaf,https://www.finn.no/mobility/item/446254474,55000.0,2014,160000.0,40.0,33.0,12.0,2.0,0,2026-03-02
449351722,Nissan Leaf,https://www.finn.no/mobility/item/449351722,239532.0,2022,35640.0,62.0,215.0,7.0,1.0,0,2026-03-02
446235237,Nissan Leaf,https://www.finn.no/mobility/item/446235237,39900.0,2015,151000.0,40.0,109.0,12.0,2.0,0,2026-03-02
435835574,Nissan Leaf,https://www.finn.no/mobility/item/435835574,169000.0,2020,96800.0,62.0,215.0,-0.6,2.0,0,2026-03-02
452774045,Nissan Leaf,https://www.finn.no/mobility/item/452774045,175000.0,2020,56000.0,40.0,218.0,12.0,2.0,0,2026-03-02
452640461,Nissan Leaf,https://www.finn.no/mobility/item/452640461,244900.0,2024,6200.0,40.0,150.0,12.0,2.0,0,2026-03-02
445800928,Nissan Leaf,https://www.finn.no/mobility/item/445800928,205000.0,2021,66000.0,40.0,218.0,12.0,2.0,0,2026-03-02
449168886,Nissan Leaf,https://www.finn.no/mobility/item/449168886,59000.0,2014,100800.0,40.0,109.0,12.0,2.0,0,2026-03-02
452634168,Nissan Leaf,https://www.finn.no/mobility/item/452634168,58700.0,2016,71250.0,40.0,109.0,12.0,2.0,0,2026-03-02
435030178,Nissan Leaf,https://www.finn.no/mobility/item/435030178,29999.0,2012,145532.0,40.0,109.0,12.0,2.0,0,2026-03-02
435621123,Nissan Leaf,https://www.finn.no/mobility/item/435621123,189900.0,2023,46000.0,40.0,150.0,12.0,2.0,0,2026-03-02
444945210,Nissan Leaf,https://www.finn.no/mobility/item/444945210,139000.0,2018,35000.0,40.0,150.0,12.0,2.0,0,2026-03-02
449156709,Nissan Leaf,https://www.finn.no/mobility/item/449156709,129000.0,2019,81050.0,40.0,150.0,12.0,2.0,0,2026-03-02
449083796,Nissan Leaf,https://www.finn.no/mobility/item/449083796,119000.0,2018,93800.0,40.0,150.0,12.0,1.0,0,2026-03-02
444591072,Nissan Leaf,https://www.finn.no/mobility/item/444591072,189000.0,2022,62600.0,40.0,150.0,12.0,2.0,0,2026-03-02
452633733,Nissan Leaf,https://www.finn.no/mobility/item/452633733,43700.0,2014,147750.0,40.0,109.0,12.0,2.0,0,2026-03-02
434235626,Nissan Leaf,https://www.finn.no/mobility/item/434235626,259000.0,2023,39899.0,59.0,218.0,13.1,2.0,0,2026-03-02
444591068,Nissan Leaf,https://www.finn.no/mobility/item/444591068,209000.0,2022,28700.0,40.0,150.0,12.0,2.0,0,2026-03-02
432642916,Nissan Leaf,https://www.finn.no/mobility/item/432642916,225000.0,2022,18400.0,40.0,0.0,12.0,2.0,0,2026-03-02
448775505,Nissan Leaf,https://www.finn.no/mobility/item/448775505,229000.0,2023,57500.0,59.0,218.0,12.0,2.0,0,2026-03-02
452614914,Nissan Leaf,https://www.finn.no/mobility/item/452614914,44942.0,2014,164600.0,24.0,109.0,23.4,3.0,0,2026-03-02
452491086,Nissan Leaf,https://www.finn.no/mobility/item/452491086,218900.0,2022,40100.0,62.0,217.0,12.0,2.0,0,2026-03-02
448727778,Nissan Leaf,https://www.finn.no/mobility/item/448727778,34942.0,2014,166025.0,24.0,109.0,18.266666666666666,2.0,0,2026-03-02
444190985,Nissan Leaf,https://www.finn.no/mobility/item/444190985,37000.0,2013,140000.0,40.0,109.0,12.0,2.0,0,2026-03-02
432214685,Nissan Leaf,https://www.finn.no/mobility/item/432214685,169000.0,2020,47900.0,40.0,150.0,12.0,2.0,0,2026-03-02
452408394,Nissan Leaf,https://www.finn.no/mobility/item/452408394,98900.0,2018,95700.0,40.0,150.0,12.0,2.0,0,2026-03-02
411071449,Nissan Leaf,https://www.finn.no/mobility/item/411071449,169000.0,2020,82000.0,40.0,150.0,12.0,2.0,0,2026-03-02
405259147,Nissan Leaf,https://www.finn.no/mobility/item/405259147,48000.0,2015,154553.0,24.0,109.0,3.8666666666666667,6.0,0,2026-03-02
448245939,Nissan Leaf,https://www.finn.no/mobility/item/448245939,169000.0,2021,82500.0,62.0,218.0,12.0,2.0,0,2026-03-02
452380441,Nissan Leaf,https://www.finn.no/mobility/item/452380441,139900.0,2020,69980.0,40.0,150.0,12.0,2.0,0,2026-03-02
443291527,Nissan Leaf,https://www.finn.no/mobility/item/443291527,159000.0,2019,77000.0,40.0,218.0,12.0,2.0,0,2026-03-02
442570576,Nissan Leaf,https://www.finn.no/mobility/item/442570576,144900.0,2020,75000.0,40.0,150.0,12.0,2.0,0,2026-03-02
448220058,Nissan Leaf,https://www.finn.no/mobility/item/448220058,119000.0,2019,100300.0,40.0,150.0,12.0,2.0,0,2026-03-02
325593233,Nissan Leaf,https://www.finn.no/mobility/item/325593233,67700.0,2015,144900.0,24.0,109.0,12.0,1.0,0,2026-03-02
420776811,Nissan Leaf,https://www.finn.no/mobility/item/420776811,104434.0,2018,112000.0,40.0,150.0,7.033333333333333,2.0,0,2026-03-02
452105854,Nissan Leaf,https://www.finn.no/mobility/item/452105854,26000.0,2014,187000.0,40.0,109.0,12.0,2.0,0,2026-03-02
442278760,Nissan Leaf,https://www.finn.no/mobility/item/442278760,31900.0,2012,92500.0,20.0,109.0,3.966666666666667,2.0,0,2026-03-02
304263831,Nissan Leaf,https://www.finn.no/mobility/item/304263831,239800.0,2022,20000.0,40.0,150.0,12.0,2.0,0,2026-03-02
448183513,Nissan Leaf,https://www.finn.no/mobility/item/448183513,47942.0,2014,120100.0,24.0,109.0,7.033333333333333,1.0,0,2026-03-02
448019563,Nissan Leaf,https://www.finn.no/mobility/item/448019563,169900.0,2019,101000.0,62.0,218.0,12.0,2.0,0,2026-03-02
452071269,Nissan Leaf,https://www.finn.no/mobility/item/452071269,36942.0,2013,138000.0,24.0,109.0,14.8,3.0,0,2026-03-02
292475198,Nissan Leaf,https://www.finn.no/mobility/item/292475198,169000.0,2018,39800.0,40.0,150.0,12.0,2.0,0,2026-03-02
439627708,Nissan Leaf,https://www.finn.no/mobility/item/439627708,59434.0,2016,100021.0,30.0,109.0,1.0666666666666667,2.0,0,2026-03-02
442181534,Nissan Leaf,https://www.finn.no/mobility/item/442181534,55000.0,2014,154000.0,40.0,150.0,12.0,2.0,0,2026-03-02
451834661,Nissan Leaf,https://www.finn.no/mobility/item/451834661,189900.0,2020,69500.0,62.0,218.0,12.0,2.0,0,2026-03-02
441720972,Nissan Leaf,https://www.finn.no/mobility/item/441720972,25000.0,2017,157800.0,30.0,109.0,-27.466666666666665,1.0,0,2026-03-02
451641454,Nissan Leaf,https://www.finn.no/mobility/item/451641454,189000.0,2021,63200.0,59.0,217.0,12.0,2.0,0,2026-03-02
451832445,Nissan Leaf,https://www.finn.no/mobility/item/451832445,209000.0,2021,57000.0,62.0,218.0,12.0,1.0,0,2026-03-02
441605315,Nissan Leaf,https://www.finn.no/mobility/item/441605315,179000.0,2020,49000.0,40.0,150.0,12.0,2.0,0,2026-03-02
453249223,Nissan Leaf,https://www.finn.no/mobility/item/453249223,34900.0,2015,116200.0,40.0,109.0,12.0,2.0,0,2026-03-02
451777175,Nissan Leaf,https://www.finn.no/mobility/item/451777175,134000.0,2019,58000.0,40.0,150.0,16.033333333333335,2.0,0,2026-03-02
453112654,Nissan Leaf,https://www.finn.no/mobility/item/453112654,29942.0,2013,108000.0,40.0,109.0,23.966666666666665,3.0,0,2026-03-02
452469723,Nissan Leaf,https://www.finn.no/mobility/item/452469723,22000.0,2013,114000.0,24.0,109.0,12.0,2.0,0,2026-03-02
445804901,Nissan Leaf,https://www.finn.no/mobility/item/445804901,114432.0,2019,99850.0,40.0,150.0,8.7,1.0,0,2026-03-02
452409778,Nissan Leaf,https://www.finn.no/mobility/item/452409778,159000.0,2020,74000.0,40.0,150.0,12.0,2.0,0,2026-03-02
452395330,Nissan Leaf,https://www.finn.no/mobility/item/452395330,129000.0,2018,67800.0,40.0,150.0,2.966666666666667,2.0,0,2026-03-02
452379736,Nissan Leaf,https://www.finn.no/mobility/item/452379736,173532.0,2020,44000.0,62.0,215.0,-24.5,1.0,0,2026-03-02
446617108,Nissan Leaf,https://www.finn.no/mobility/item/446617108,169932.0,2020,86000.0,62.0,215.0,2.3666666666666667,2.0,0,2026-03-02
451464875,Nissan Leaf,https://www.finn.no/mobility/item/451464875,149900.0,2021,79518.0,40.0,150.0,8.6,2.0,0,2026-03-02
451011559,Nissan Leaf,https://www.finn.no/mobility/item/451011559,229000.0,2023,73582.0,59.0,218.0,13.533333333333333,2.0,0,2026-03-02
451126986,Nissan Leaf,https://www.finn.no/mobility/item/451126986,24900.0,2013,156800.0,40.0,109.0,12.0,3.0,0,2026-03-02
451327405,Nissan Leaf,https://www.finn.no/mobility/item/451327405,27500.0,2016,137800.0,40.0,109.0,12.0,2.0,0,2026-03-02
449909764,Nissan Leaf,https://www.finn.no/mobility/item/449909764,91532.0,2018,155000.0,40.0,150.0,15.1,2.0,0,2026-03-02
449714209,Nissan Leaf,https://www.finn.no/mobility/item/449714209,199900.0,2023,51000.0,39.0,150.0,15.666666666666666,1.0,0,2026-03-02
448242354,Nissan Leaf,https://www.finn.no/mobility/item/448242354,179000.0,2021,85000.0,40.0,218.0,12.0,2.0,0,2026-03-02
449494112,Nissan Leaf,https://www.finn.no/mobility/item/449494112,49000.0,2013,117755.0,24.0,109.0,18.2,2.0,0,2026-03-02
449360296,Nissan Leaf,https://www.finn.no/mobility/item/449360296,40800.0,2013,54500.0,40.0,109.0,12.0,2.0,0,2026-03-02
447454710,Nissan Leaf,https://www.finn.no/mobility/item/447454710,115000.0,2018,97600.0,40.0,150.0,6.833333333333333,2.0,0,2026-03-02
448106701,Nissan Leaf,https://www.finn.no/mobility/item/448106701,239000.0,2024,13900.0,40.0,150.0,12.0,2.0,0,2026-03-02
444938061,Nissan Leaf,https://www.finn.no/mobility/item/444938061,173900.0,2020,64363.0,40.0,218.0,12.0,2.0,0,2026-03-02
441508099,Nissan Leaf,https://www.finn.no/mobility/item/441508099,158900.0,2020,46909.0,40.0,150.0,0.06666666666666667,2.0,0,2026-03-02
441012108,Nissan Leaf,https://www.finn.no/mobility/item/441012108,169900.0,2021,30700.0,40.0,150.0,12.0,1.0,0,2026-03-02
441012966,Nissan Leaf,https://www.finn.no/mobility/item/441012966,144900.0,2021,40700.0,40.0,150.0,12.0,1.0,0,2026-03-02
440200253,Nissan Leaf,https://www.finn.no/mobility/item/440200253,198800.0,2022,26489.0,40.0,150.0,12.0,2.0,0,2026-03-02
